"Trust Code","Trust Name","efficiency_vrs","efficiency_crs","scale_efficiency","total_revenue","total_investment","net_profit_loss"
"RX1","NOTTINGHAM UNIVERSITY HOSPITALS NHS TRUST",0.00364424689650741,0.00270626508535023,0.742612990339342,7692730,160719081,-153026351
"RC9","BEDFORDSHIRE HOSPITALS NHS FOUNDATION TRUST",0.0110749801277739,0.0077447573517086,0.699302144324957,8499923,98400316,-89900393
"R1H","BARTS HEALTH NHS TRUST",0.103558718191419,0.102655740986169,0.99128052933621,13849612,97622000,-83772388
"R0D","UNIVERSITY HOSPITALS DORSET NHS FOUNDATION TRUST",0.0119390275142016,0.00736444172334319,0.61683765403699,9254656,89147699,-79893043
"R1K","LONDON NORTH WEST UNIVERSITY HEALTHCARE NHS TRUST",0.0282018984628876,0.0257595669555067,0.913398329882123,4807303,78097015,-73289712
"RXV","GREATER MANCHESTER MENTAL HEALTH NHS FOUNDATION TRUST",0.022548034946402,0.0211619375677231,0.938526910128811,1392471,74139181,-72746710
"RYJ","IMPERIAL COLLEGE HEALTHCARE NHS TRUST",0.012287753260918,0.00828852018691234,0.674535044032378,7511646,76745699,-69234053
"RTH","OXFORD UNIVERSITY HOSPITALS NHS FOUNDATION TRUST",0.00607932366934974,0.00369686281839877,0.608104292429325,11080198,80038000,-68957802
"RK9","UNIVERSITY HOSPITALS PLYMOUTH NHS TRUST",0.0253093832442617,0.0221761885261441,0.87620422481737,4493233,73155402,-68662169
"RXK","SANDWELL AND WEST BIRMINGHAM HOSPITALS NHS TRUST",0.0110429278558026,0.0104970508751921,0.950567730973296,1037661,66543968,-65506307
"RXW","SHREWSBURY AND TELFORD HOSPITAL NHS TRUST",0.142085596957416,0.141531729555511,0.996101875110741,2288914,63403225,-61114311
"RDE","EAST SUFFOLK AND NORTH ESSEX NHS FOUNDATION TRUST",0.0269048688226354,0.0185563294552736,0.689701539806875,9436646,68819135,-59382489
"RN7","DARTFORD AND GRAVESHAM NHS TRUST",0.0184606558069488,0.0183994604477681,0.996685092890489,214529,58937000,-58722471
"RM3","NORTHERN CARE ALLIANCE NHS FOUNDATION TRUST",0.0166093770855495,0.0137033885982183,0.825039285196343,5398669,62825960,-57427291
"RBT","THE MID CHESHIRE HOSPITALS NHS FOUNDATION TRUST",0.0523563131603591,0.0501967502260169,0.958752578170894,2603512,59193000,-56589488
"RHU","PORTSMOUTH HOSPITALS UNIVERSITY NHS TRUST",0.0127434301203766,0.0108831948222379,0.854023973093067,5516582,61005000,-55488418
"RCX","THE QUEEN ELIZABETH HOSPITAL KING'S LYNN NHS FOUNDATION TRUST",0.0663408237361824,0.0656067442899102,0.988934725182318,2375849,56503665,-54127816
"RP5","DONCASTER AND BASSETLAW TEACHING HOSPITALS NHS FOUNDATION TRUST",0.333046602938112,0.331865960601549,0.996455023632886,3307689,56897063,-53589374
"RH5","SOMERSET NHS FOUNDATION TRUST",0.0136578119142038,0.0124037955127887,0.90818321343912,4219884,54728434,-50508550
"RWE","UNIVERSITY HOSPITALS OF LEICESTER NHS TRUST",0.0086679559664646,0.00609084911618409,0.702685747337543,10161594,59753156,-49591562
"RTF","NORTHUMBRIA HEALTHCARE NHS FOUNDATION TRUST",0.0143769472653786,0.0127134534174454,0.884294362549477,3646484,52478000,-48831516
"TAF","CAMDEN AND ISLINGTON NHS FOUNDATION TRUST",0.0358882405222594,0.0350285782764186,0.976046130060134,0,48179389,-48179389
"RP4","GREAT ORMOND STREET HOSPITAL FOR CHILDREN NHS FOUNDATION TRUST",0.0535640327811904,0.0430351644286995,0.803433987214864,0,47864000,-47864000
"RQ3","BIRMINGHAM WOMEN'S AND CHILDREN'S NHS FOUNDATION TRUST",0.0255176089105108,0.0252864073686381,0.990939529534938,520630,47010398,-46489768
"RGN","NORTH WEST ANGLIA NHS FOUNDATION TRUST",0.0168933216480894,0.0118383309397965,0.700769877375499,8314659,53087864,-44773205
"RP6","MOORFIELDS EYE HOSPITAL NHS FOUNDATION TRUST",0.759345005043566,0.0549005044078919,0.0722998163459865,674495,45217789,-44543294
"R0A","MANCHESTER UNIVERSITY NHS FOUNDATION TRUST",0.0204960853473398,0.0170802716277201,0.833343115930035,9378143,53300174,-43922031
"RGP","JAMES PAGET UNIVERSITY HOSPITALS NHS FOUNDATION TRUST",0.204527461140074,0.19031039308311,0.930488219148099,1395885,45196508,-43800623
"RJE","UNIVERSITY HOSPITALS OF NORTH MIDLANDS NHS TRUST",0.0147186688577453,0.0120031985931296,0.815508434162046,6312363,49596475,-43284112
"RJ1","GUY'S AND ST THOMAS' NHS FOUNDATION TRUST",0.0123266656875183,0.0104825020991085,0.850392341679458,6001978,48834369,-42832391
"RH8","ROYAL DEVON UNIVERSITY HEALTHCARE NHS FOUNDATION TRUST",0.0368549155532934,0.0361122639312669,0.979849319666664,2990193,44194802,-41204609
"RWA","HULL UNIVERSITY TEACHING HOSPITALS NHS TRUST",0.0366925963302727,0.0333843928101663,0.909840026300429,3458884,42909454,-39450570
"RHM","UNIVERSITY HOSPITAL SOUTHAMPTON NHS FOUNDATION TRUST",0.00915075344723445,0.00711154494620256,0.777154032966741,7553714,46680000,-39126286
"RXQ","BUCKINGHAMSHIRE HEALTHCARE NHS TRUST",0.940609490103431,0.0276573955301169,0.0294036960301939,2318785,40406058,-38087273
"TAJ","BLACK COUNTRY HEALTHCARE NHS FOUNDATION TRUST",0.148029791501971,0.0759520899103946,0.513086515489576,127398,38115676,-37988278
"RTR","SOUTH TEES HOSPITALS NHS FOUNDATION TRUST",1,1,1,3695456,41285000,-37589544
"RJ2","THE LEWISHAM AND GREENWICH NHS TRUST",0.0929550574543464,0.0659696983703397,0.709694557531093,7567218,45127965,-37560747
"RYR","UNIVERSITY HOSPITALS SUSSEX NHS FOUNDATION TRUST",0.0162853620195113,0.0104361936704125,0.640832771043654,8885509,45687343,-36801834
"RDU","FRIMLEY HEALTH NHS FOUNDATION TRUST",0.0737208238932462,0.0719998345218931,0.976655315547677,8928078,44891490,-35963412
"RRK","UNIVERSITY HOSPITALS BIRMINGHAM NHS FOUNDATION TRUST",0.0110603771004337,0.00734662877950007,0.664229502555749,9955199,45520824,-35565625
"RGT","CAMBRIDGE UNIVERSITY HOSPITALS NHS FOUNDATION TRUST",0.0166844608633137,0.00115133717680989,0.0690065556353391,19450737,54939305,-35488568
"RWJ","STOCKPORT NHS FOUNDATION TRUST",0.0215064767166654,0.0198187903624711,0.921526599803934,2531234,37979079,-35447845
"RR8","LEEDS TEACHING HOSPITALS NHS TRUST",0.00918730481310448,0.00256696565455035,0.279403558145683,17232075,52461745,-35229670
"RW4","MERSEY CARE NHS FOUNDATION TRUST",0.0151988293756535,0.0144199084834126,0.94875125754825,0,35033686,-35033686
"RAL","ROYAL FREE LONDON NHS FOUNDATION TRUST",0.0383272229746172,0.0272868603159974,0.711944623122539,23220515,58044000,-34823485
"RNZ","SALISBURY NHS FOUNDATION TRUST",1,0.332265132303489,0.332265132303489,7066937,41830821,-34763884
"RCB","YORK AND SCARBOROUGH TEACHING HOSPITALS NHS FOUNDATION TRUST",0.0445804259650206,0.0380543139080314,0.853610370118271,5550253,39735048,-34184795
"RWF","MAIDSTONE AND TUNBRIDGE WELLS NHS TRUST",0.0853431127525373,0.0765790246007809,0.897307610783206,3929633,37781078,-33851445
"RA9","TORBAY AND SOUTH DEVON NHS FOUNDATION TRUST",1,1,1,3081296,36513000,-33431704
"RAJ","MID AND SOUTH ESSEX NHS FOUNDATION TRUST",0.0302585431964268,0.0271713362621792,0.897972387031105,9180824,42161643,-32980819
"RV5","SOUTH LONDON AND MAUDSLEY NHS FOUNDATION TRUST",0.0338522764395018,0.0312944317113856,0.924440983084628,21076,32858000,-32836924
"RVW","NORTH TEES AND HARTLEPOOL NHS FOUNDATION TRUST",0.0143490623164648,0.0130414413136061,0.908870630427311,2923326,35291109,-32367783
"RQM","CHELSEA AND WESTMINSTER HOSPITAL NHS FOUNDATION TRUST",0.0124663026558188,0.00747385684637644,0.599524739028208,11191316,43536261,-32344945
"RJ7","ST GEORGE'S UNIVERSITY HOSPITALS NHS FOUNDATION TRUST",0.0183223478032927,0.0129788535017382,0.708361921795077,7576796,39413898,-31837102
"RRV","UNIVERSITY COLLEGE LONDON HOSPITALS NHS FOUNDATION TRUST",0.0586411591064941,0.0579602976418691,0.98838935868596,504166,31631681,-31127515
"RL4","THE ROYAL WOLVERHAMPTON NHS TRUST",0.0592341791474696,0.0580447890035625,0.979920543155566,3568443,34562200,-30993757
"RY3","NORFOLK COMMUNITY HEALTH AND CARE NHS TRUST",0.468195122227128,0.467616381061675,0.998763888947199,591737,31476000,-30884263
"RTD","THE NEWCASTLE UPON TYNE HOSPITALS NHS FOUNDATION TRUST",1,1,1,6747356,37382810,-30635454
"RTE","GLOUCESTERSHIRE HOSPITALS NHS FOUNDATION TRUST",0.167853284316611,0.167336862105113,0.996923371421648,7961411,37471213,-29509802
"RAE","BRADFORD TEACHING HOSPITALS NHS FOUNDATION TRUST",0.0238928625418044,0.0216269125750806,0.905162055707678,2684822,31582578,-28897756
"RJL","NORTHERN LINCOLNSHIRE AND GOOLE NHS FOUNDATION TRUST",0.148904995881721,0.148721172274794,0.998765497384163,3952384,32577545,-28625161
"RXC","EAST SUSSEX HEALTHCARE NHS TRUST",0.0592171469537196,0.0563867282774104,0.95220271793031,8986801,37269595,-28282794
"RHA","NOTTINGHAMSHIRE HEALTHCARE NHS FOUNDATION TRUST",0.0395954774151598,0.0393720494200405,0.994357234469567,9866,28059563,-28049697
"RD8","MILTON KEYNES UNIVERSITY HOSPITAL NHS FOUNDATION TRUST",0.0832125385925718,0.0777092938149532,0.93386519783318,2880326,30425169,-27544843
"RWH","EAST AND NORTH HERTFORDSHIRE NHS TRUST",0.073392676391783,0.0606988818708048,0.8270427630515,4043949,31471146,-27427197
"RQY","SOUTH WEST LONDON AND ST GEORGE'S MENTAL HEALTH NHS TRUST",0.206454881134181,0.204377923628387,0.989939896337719,229064,27647695,-27418631
"RJZ","KING'S COLLEGE HOSPITAL NHS FOUNDATION TRUST",0.0156876870467214,0.0128111974504815,0.816640299639259,4713338,31572680,-26859342
"RVJ","NORTH BRISTOL NHS TRUST",0.158458183492984,0.156934101125436,0.990381800838861,4223257,30802871,-26579614
"RNN","NORTH CUMBRIA INTEGRATED CARE NHS FOUNDATION TRUST",0.0778964802529102,0.0737596640303787,0.946893412781935,1514826,27985872,-26471046
"RAX","KINGSTON HOSPITAL NHS FOUNDATION TRUST",0.0263723643404598,0.0229307662041506,0.869499825958753,3861977,30288000,-26426023
"RWD","UNITED LINCOLNSHIRE HOSPITALS NHS TRUST",0.0225935281162983,0.0211963595000203,0.938160671096335,2512457,28631273,-26118816
"RQX","HOMERTON HEALTHCARE NHS FOUNDATION TRUST",0.0244699178078028,0.0230268338414714,0.941026202962103,1231350,27323418,-26092068
"RGR","WEST SUFFOLK NHS FOUNDATION TRUST",0.0557163445058853,0.0473413780380597,0.849685643555798,5212808,30803607,-25590799
"REM","LIVERPOOL UNIVERSITY HOSPITALS NHS FOUNDATION TRUST",0.145223130830202,0.144875185928766,0.997604066931715,6318994,31573957,-25254963
"RJ6","CROYDON HEALTH SERVICES NHS TRUST",0.0162882657495258,0.0130900236709394,0.803647476792945,5236600,30202186,-24965586
"RA2","ROYAL SURREY COUNTY HOSPITAL NHS FOUNDATION TRUST",0.0387142254367703,0.0349814050177408,0.903580134255144,3182034,28059827,-24877793
"RWY","CALDERDALE AND HUDDERSFIELD NHS FOUNDATION TRUST",0.25935458715382,0.253840481971575,0.978739126063829,3059699,27395368,-24335669
"RAT","NORTH EAST LONDON NHS FOUNDATION TRUST",0.740034078112289,0.310045371565268,0.418960938064022,0,23954353,-23954353
"RBN","MERSEY AND WEST LANCASHIRE TEACHING HOSPITALS NHS TRUST",0.049269097816865,0.045887529264816,0.931365324272458,5028535,28836955,-23808420
"RF4","BARKING, HAVERING AND REDBRIDGE UNIVERSITY HOSPITALS NHS TRUST",0.0373921579501431,0.0338848876062341,0.906203050688183,4847525,28652460,-23804935
"RYV","CAMBRIDGESHIRE COMMUNITY SERVICES NHS TRUST",0.218829263828369,0.218829263828835,1.00000000000213,0,23784963,-23784963
"R1F","ISLE OF WIGHT NHS TRUST",0.073637545746751,0.0688586733817973,0.935102775133369,1793090,25209241,-23416151
"RJ8","CORNWALL PARTNERSHIP NHS FOUNDATION TRUST",0.0354666077324012,0.0351501941165888,0.991078548639335,0,23235000,-23235000
"RN3","GREAT WESTERN HOSPITALS NHS FOUNDATION TRUST",0.626532756720852,0.626086265066536,0.999287361036551,2640241,25725513,-23085272
"RLQ","WYE VALLEY NHS TRUST",1,1,1,1452635,24445066,-22992431
"RHW","ROYAL BERKSHIRE NHS FOUNDATION TRUST",0.0199499155301989,0.0175357811539724,0.878990245719482,4071282,27003652,-22932370
"RXF","MID YORKSHIRE TEACHING NHS TRUST",0.0389067979033918,0.0320115054507728,0.822774095423107,5868916,28703370,-22834454
"RJC","SOUTH WARWICKSHIRE UNIVERSITY NHS FOUNDATION TRUST",0.0541947655360034,0.0452150115756387,0.83430588043786,4718032,27503980,-22785948
"RM1","NORFOLK AND NORWICH UNIVERSITY HOSPITALS NHS FOUNDATION TRUST",0.401949276070776,0.343192733528706,0.8538210017034,5059298,27588390,-22529092
"RTG","UNIVERSITY HOSPITALS OF DERBY AND BURTON NHS FOUNDATION TRUST",0.365689636933742,0.362265453516381,0.990636367368591,6937206,29147000,-22209794
"RHQ","SHEFFIELD TEACHING HOSPITALS NHS FOUNDATION TRUST",0.114940344389677,0.0942608599955138,0.820085066701602,5942484,27945371,-22002887
"RA7","UNIVERSITY HOSPITALS BRISTOL AND WESTON NHS FOUNDATION TRUST",0.189758553149677,0.188960141174751,0.995792484914786,2291703,24227000,-21935297
"RXN","LANCASHIRE TEACHING HOSPITALS NHS FOUNDATION TRUST",0.0807801844023933,0.0773573528986715,0.957627832505662,7304454,29181041,-21876587
"RXR","EAST LANCASHIRE HOSPITALS NHS TRUST",1,0.426610356989376,0.426610356989376,3993299,25275019,-21281720
"RTX","UNIVERSITY HOSPITALS OF MORECAMBE BAY NHS FOUNDATION TRUST",0.044370733306832,0.0418546590844592,0.943294283532036,3514846,23888000,-20373154
"RLT","GEORGE ELIOT HOSPITAL NHS TRUST",0.416562713152172,0.410063644037131,0.98439834169059,2509307,22719000,-20209693
"RCF","AIREDALE NHS FOUNDATION TRUST",0.0857254396985113,0.0801035118040442,0.934419375225851,2617627,22478986,-19861359
"RN5","HAMPSHIRE HOSPITALS NHS FOUNDATION TRUST",0.0402360045699326,0.0344120449341651,0.855255021018672,4826856,24561000,-19734144
"RK5","SHERWOOD FOREST HOSPITALS NHS FOUNDATION TRUST",0.028504572110431,0.0274083418272629,0.961541949167975,1650730,21252000,-19601270
"RKL","WEST LONDON NHS TRUST",0.0365349653716574,0.0355201056107824,0.972222232851428,603606,19765000,-19161394
"RRE","MIDLANDS PARTNERSHIP NHS FOUNDATION TRUST",0.425382405865408,0.425382405862468,0.999999999993088,0,18973317,-18973317
"RCD","HARROGATE AND DISTRICT NHS FOUNDATION TRUST",0.0323072269230126,0.0304746721845385,0.943277250540845,1921205,20858027,-18936822
"RW5","LANCASHIRE & SOUTH CUMBRIA NHS FOUNDATION TRUST",0.0618434046791654,0.0617320696726314,0.99819972708308,45648,17731000,-17685352
"RD1","ROYAL UNITED HOSPITALS BATH NHS FOUNDATION TRUST",0.0458171113589634,0.0414966675553968,0.905702396431821,3601547,20919037,-17317490
"RBD","DORSET COUNTY HOSPITAL NHS FOUNDATION TRUST",0.729632789527092,0.41681217903965,0.571262949010014,1110111,18406199,-17296088
"RMP","TAMESIDE AND GLOSSOP INTEGRATED CARE NHS FOUNDATION TRUST",0.452546851850728,0.446235799533147,0.986054366985934,2135385,19203000,-17067615
"RRF","WRIGHTINGTON, WIGAN AND LEIGH NHS FOUNDATION TRUST",0.0323228733380987,0.0247664983244076,0.766222051652058,5476002,22157665,-16681663
"RPY","THE ROYAL MARSDEN NHS FOUNDATION TRUST",0.182862640651627,0.181096627951242,0.99034240841053,2012261,18623146,-16610885
"RXX","SURREY AND BORDERS PARTNERSHIP NHS FOUNDATION TRUST",0.0494002163758455,0.0494002163759562,1.00000000000224,0,16242014,-16242014
"RPG","OXLEAS NHS FOUNDATION TRUST",0.0998687287831125,0.0971325134509461,0.972601880833903,1160872,16958507,-15797635
"RNS","NORTHAMPTON GENERAL HOSPITAL NHS TRUST",0.0242295176064215,0.0228031026999156,0.94112904228321,2291896,18045645,-15753749
"RXP","COUNTY DURHAM AND DARLINGTON NHS FOUNDATION TRUST",0.090315178791411,0.0896274793769742,0.992385561058069,909925,16662352,-15752427
"RTK","ASHFORD AND ST. PETER'S HOSPITALS NHS FOUNDATION TRUST",0.0499448150959938,0.0426814940185467,0.854573071028755,4797429,20546571,-15749142
"R0B","SOUTH TYNESIDE AND SUNDERLAND NHS FOUNDATION TRUST",0.0541344290832153,0.0508732233540797,0.939757271216023,4585856,20288451,-15702595
"RBS","ALDER HEY CHILDRENS NHS FOUNDATION TRUST",0.224921161086758,0.195366736255015,0.868600959158559,3443147,17988084,-14544937
"RXL","BLACKPOOL TEACHING HOSPITALS NHS FOUNDATION TRUST",0.0463590925586853,0.0378551716135976,0.816564119879553,5091627,18625446,-13533819
"RBK","WALSALL HEALTHCARE NHS TRUST",0.0671028358142681,0.0628775032876063,0.937031982696575,2649888,15978351,-13328463
"R1A","HEREFORDSHIRE AND WORCESTERSHIRE HEALTH AND CARE NHS TRUST",0.0492746042835825,0.048731596548834,0.988979967619358,230094,13556275,-13326181
"R1C","SOLENT NHS TRUST",0.172379578869849,0.167485933480081,0.971611223197951,5072709,17990000,-12917291
"RTQ","GLOUCESTERSHIRE HEALTH AND CARE NHS FOUNDATION TRUST",0.242560023421628,0.236179875116372,0.973696620674519,40693,12778196,-12737503
"RR7","GATESHEAD HEALTH NHS FOUNDATION TRUST",0.0358374455332701,0.0301793660871583,0.842118226845744,3888331,16469490,-12581159
"RBV","THE CHRISTIE NHS FOUNDATION TRUST",0.0823164292604072,0.0711588646601576,0.864455191989042,2968069,15485644,-12517575
"RP7","LINCOLNSHIRE PARTNERSHIP NHS FOUNDATION TRUST",0.0682248909641263,0.0680427386283411,0.997330119063422,57407,12320001,-12262594
"RY8","DERBYSHIRE COMMUNITY HEALTH SERVICES NHS FOUNDATION TRUST",0.162793811206804,0.161178616408372,0.990078278858029,3341236,15528300,-12187064
"RJN","EAST CHESHIRE NHS TRUST",0.217293318278048,0.210779732523248,0.970023994265368,1243329,13037000,-11793671
"RX3","TEES, ESK AND WEAR VALLEYS NHS FOUNDATION TRUST",0.076338102349788,0.0422465022470062,0.553413052546538,178624,11885796,-11707172
"RV3","CENTRAL AND NORTH WEST LONDON NHS FOUNDATION TRUST",0.140883546796854,0.140883546798012,1.00000000000822,0,11459000,-11459000
"RVR","EPSOM AND ST HELIER UNIVERSITY HOSPITALS NHS TRUST",0.0492148361490844,0.0414159027563877,0.841532879047454,5424151,16736411,-11312260
"RAS","THE HILLINGDON HOSPITALS NHS FOUNDATION TRUST",0.136405748068523,0.133796245623026,0.980869556580663,3298697,14546203,-11247506
"RAN","ROYAL NATIONAL ORTHOPAEDIC HOSPITAL NHS TRUST",1,1,1,0,10952000,-10952000
"RYG","COVENTRY AND WARWICKSHIRE PARTNERSHIP NHS TRUST",0.124094146808434,0.124094146809456,1.00000000000823,0,10388255,-10388255
"RDY","DORSET HEALTHCARE UNIVERSITY NHS FOUNDATION TRUST",0.0461718239835998,0.0460486663409746,0.997332623405371,76571,10321643,-10245072
"RMC","BOLTON NHS FOUNDATION TRUST",0.192613438734842,0.103195327725837,0.535763903098677,10844941,20959568,-10114627
"RWP","WORCESTERSHIRE ACUTE HOSPITALS NHS TRUST",0.0966153952740171,0.0697493149715073,0.721927543469514,7739810,17824000,-10084190
"RX4","CUMBRIA, NORTHUMBERLAND, TYNE AND WEAR NHS FOUNDATION TRUST",1,0.378993389674832,0.378993389674832,759062,10762873,-10003811
"RWR","HERTFORDSHIRE PARTNERSHIP UNIVERSITY NHS FOUNDATION TRUST",0.046663024414057,0.0466630244143963,1.00000000000727,0,9750520,-9750520
"RAP","NORTH MIDDLESEX UNIVERSITY HOSPITAL NHS TRUST",0.346427071415837,0.34156781654187,0.985973224164878,3753396,13231000,-9477604
"RT5","LEICESTERSHIRE PARTNERSHIP NHS TRUST",1,0.0420184952108453,0.0420184952108453,3525000,12798000,-9273000
"RW1","SOUTHERN HEALTH NHS FOUNDATION TRUST",0.0522313959055719,0.0520966223914745,0.997419683855645,107752,9319609,-9211857
"RNU","OXFORD HEALTH NHS FOUNDATION TRUST",0.0483356881156047,0.0454908334939655,0.941143806314805,1236073,10414168,-9178095
"RWV","DEVON PARTNERSHIP NHS TRUST",0.0616471993975718,0.061587609678682,0.999033375084804,50630,8579779,-8529149
"RVV","EAST KENT HOSPITALS UNIVERSITY NHS FOUNDATION TRUST",0.0388091166519818,0.0300977049588223,0.775531822296328,6692376,15069000,-8376624
"RBL","WIRRAL UNIVERSITY TEACHING HOSPITAL NHS FOUNDATION TRUST",1,1,1,6887859,15214000,-8326141
"RMY","NORFOLK AND SUFFOLK NHS FOUNDATION TRUST",0.688859611658299,0.375180668085435,0.544640245611525,560499,8752207,-8191708
"RVN","AVON AND WILTSHIRE MENTAL HEALTH PARTNERSHIP NHS TRUST",0.529934965984922,0.516308023926764,0.974285633270431,536906,8671000,-8134094
"RXY","KENT AND MEDWAY NHS AND SOCIAL CARE PARTNERSHIP TRUST",0.703236163783659,0.634729442991687,0.902583620809002,2052771,9860000,-7807229
"RYC","EAST OF ENGLAND AMBULANCE SERVICE NHS TRUST",0.117260931677245,0.0893988620562596,0.762392561422981,87809,7249573,-7161764
"TAH","SHEFFIELD HEALTH AND SOCIAL CARE NHS FOUNDATION TRUST",0.109822217821201,0.109776302038505,0.999581908072821,5934,7156000,-7150066
"RRP","BARNET, ENFIELD AND HARINGEY MENTAL HEALTH NHS TRUST",0.0835298755131118,0.0776553838379141,0.929671968991795,1520189,8621289,-7101100
"RBQ","LIVERPOOL HEART AND CHEST HOSPITAL NHS FOUNDATION TRUST",0.103135558839549,0.101727045703916,0.986343089119986,285151,7227785,-6942634
"RXA","CHESHIRE AND WIRRAL PARTNERSHIP NHS FOUNDATION TRUST",0.0869826711617611,0.0866147042970746,0.995769653199059,88328,6989362,-6901034
"RX2","SUSSEX PARTNERSHIP NHS FOUNDATION TRUST",0.153067953052135,0.14347580964735,0.93733408454533,1308940,8032813,-6723873
"RCU","SHEFFIELD CHILDRENS NHS FOUNDATION TRUST",0.0803766663702344,0.0789941678951924,0.982799753492216,696452,7382000,-6685548
"RQW","THE PRINCESS ALEXANDRA HOSPITAL NHS TRUST",0.186399481260594,0.161691892695468,0.86744819031667,3677547,10283193,-6605646
"RXT","BIRMINGHAM AND SOLIHULL MENTAL HEALTH NHS FOUNDATION TRUST",1,1,1,150000,6653468,-6503468
"RKE","WHITTINGTON HEALTH NHS TRUST",0.295925122512518,0.287312776473343,0.970896874296941,152100,6470000,-6317900
"RWK","EAST LONDON NHS FOUNDATION TRUST",1,0.0656296799578414,0.0656296799578414,1064068,7318866,-6254798
"RPA","MEDWAY NHS FOUNDATION TRUST",0.0545506765279302,0.0412212090002897,0.755649821852974,6577966,12705278,-6127312
"RFF","BARNSLEY HOSPITAL NHS FOUNDATION TRUST",0.0500780347068329,0.0459069907375486,0.916709112214518,2806976,8923096,-6116120
"REF","ROYAL CORNWALL HOSPITALS NHS TRUST",0.126450038365516,0.0961608082501385,0.760464840446916,6856758,12599442,-5742684
"R1L","ESSEX PARTNERSHIP UNIVERSITY NHS FOUNDATION TRUST",1,0.179400690081572,0.179400690081572,896774,6605341,-5708567
"RV9","HUMBER TEACHING NHS FOUNDATION TRUST",0.490921705756931,0.486994122057634,0.991999572124762,2712662,8293849,-5581187
"RNQ","KETTERING GENERAL HOSPITAL NHS FOUNDATION TRUST",0.0715952315919257,0.0667220928811654,0.931934870487801,2356343,7504323,-5147980
"RFR","THE ROTHERHAM NHS FOUNDATION TRUST",0.203653366245569,0.20082364356153,0.986105200536552,1790082,6902000,-5111918
"RYX","CENTRAL LONDON COMMUNITY HEALTHCARE NHS TRUST",0.281619938002437,0.256742616262084,0.9116634925893,1844432,6750083,-4905651
"RXE","ROTHERHAM DONCASTER AND SOUTH HUMBER NHS FOUNDATION TRUST",0.168581639241083,0.158279914723041,0.938891776326187,1275916,6075935,-4800019
"TAD","BRADFORD DISTRICT CARE NHS FOUNDATION TRUST",1,1,1,117000,4796600,-4679600
"RYE","SOUTH CENTRAL AMBULANCE SERVICE NHS FOUNDATION TRUST",0.140173325050279,0.13938230449173,0.994356839589377,117827,4704340,-4586513
"RX8","YORKSHIRE AMBULANCE SERVICE NHS TRUST",0.126350631561819,0.12635063156219,1.00000000000294,0,4416000,-4416000
"RP1","NORTHAMPTONSHIRE HEALTHCARE NHS FOUNDATION TRUST",0.0842839127788469,0.0842839127791217,1.00000000000326,0,4391297,-4391297
"RTP","SURREY AND SUSSEX HEALTHCARE NHS TRUST",0.161166433282404,0.132460278905556,0.821885030324224,13498744,17875000,-4376256
"RX7","NORTH WEST AMBULANCE SERVICE NHS TRUST",0.122475490042624,0.11911471830035,0.972559638331679,582362,4938102,-4355740
"RXG","SOUTH WEST YORKSHIRE PARTNERSHIP NHS FOUNDATION TRUST",0.174892932142727,0.171219006651364,0.978993287799852,438612,4646206,-4207594
"RRU","LONDON AMBULANCE SERVICE NHS TRUST",0.95439412630228,0.954394126310129,1.00000000000822,0,4155627,-4155627
"RT2","PENNINE CARE NHS FOUNDATION TRUST",1,1,1,58450,3966106,-3907656
"RL1","ROBERT JONES AND AGNES HUNT ORTHOPAEDIC HOSPITAL NHS FOUNDATION TRUST",1,1,1,490970,4360110,-3869140
"RPC","QUEEN VICTORIA HOSPITAL NHS FOUNDATION TRUST",1,1,1,313303,4062000,-3748697
"RYD","SOUTH EAST COAST AMBULANCE SERVICE NHS FOUNDATION TRUST",0.217651083566455,0.185727287605897,0.853325811948872,0,3669886,-3669886
"RLY","NORTH STAFFORDSHIRE COMBINED HEALTHCARE NHS TRUST",0.13913416596495,0.139134165965956,1.00000000000723,0,3295000,-3295000
"REN","CLATTERBRIDGE CANCER CENTRE NHS FOUNDATION TRUST",0.161799752417536,0.156446032107391,0.966911443125521,693950,3879000,-3185050
"RYF","SOUTH WESTERN AMBULANCE SERVICE NHS FOUNDATION TRUST",0.272778705066816,0.254799636151057,0.934089177117565,4503,3132855,-3128352
"RGD","LEEDS AND YORK PARTNERSHIP NHS FOUNDATION TRUST",1,0.309410382190928,0.309410382190928,452964,3501055,-3048091
"RT1","CAMBRIDGESHIRE AND PETERBOROUGH NHS FOUNDATION TRUST",0.640728935755352,0.636639769350509,0.993617946409706,187000,3183629,-2996629
"RDR","SUSSEX COMMUNITY NHS FOUNDATION TRUST",NA,1,NA,96426,2590000,-2493574
"RET","WALTON CENTRE NHS FOUNDATION TRUST",1,1,1,763088,2993053,-2229965
"RYW","BIRMINGHAM COMMUNITY HEALTHCARE NHS FOUNDATION TRUST",0.202024055245011,0.186426540791829,0.922793776046785,1753975,3854927,-2100952
"RFS","CHESTERFIELD ROYAL HOSPITAL NHS FOUNDATION TRUST",0.227682275052637,0.221834460165297,0.974315897511182,3172560,5163000,-1990440
"RRJ","ROYAL ORTHOPAEDIC HOSPITAL NHS FOUNDATION TRUST",0.643442934811174,0.631069494465351,0.980769949165028,606689,2452069,-1845380
"R1D","SHROPSHIRE COMMUNITY HEALTH NHS TRUST",0.714244714885421,0.714244714891275,1.0000000000082,0,1809223,-1809223
"RX6","NORTH EAST AMBULANCE SERVICE NHS FOUNDATION TRUST",1,1,1,125384,1852065,-1726681
"RWG","WEST HERTFORDSHIRE TEACHING HOSPITALS NHS TRUST",0.0490257863271904,0.0368187843902168,0.751008543636486,7062856,8678758,-1615902
"RX9","EAST MIDLANDS AMBULANCE SERVICE NHS TRUST",0.909333795812355,0.905710024587542,0.996014916368993,83207,1645306,-1562099
"RNK","TAVISTOCK AND PORTMAN NHS FOUNDATION TRUST",1,1,1,0,1495000,-1495000
"RJR","COUNTESS OF CHESTER HOSPITAL NHS FOUNDATION TRUST",0.127717635889544,0.115437457067321,0.90384899675998,3050861,4276415,-1225554
"RY4","HERTFORDSHIRE COMMUNITY NHS TRUST",0.515104413794837,0.515104413799895,1.00000000000982,0,1225134,-1225134
"RYA","WEST MIDLANDS AMBULANCE SERVICE UNIVERSITY NHS FOUNDATION TRUST",1,1,1,0,1135004,-1135004
"RY2","BRIDGEWATER COMMUNITY HEALTHCARE NHS FOUNDATION TRUST",0.545296652215496,0.545235226855321,0.999887354232003,2352,1090451,-1088099
"RWW","WARRINGTON AND HALTON TEACHING HOSPITALS NHS FOUNDATION TRUST",0.0996106356859098,0.0908344160508972,0.911894753260228,3089147,3956000,-866853
"RY6","LEEDS COMMUNITY HEALTHCARE NHS TRUST",1,0.247491160258759,0.247491160258759,988468,1799036,-810568
"RY9","HOUNSLOW AND RICHMOND COMMUNITY HEALTHCARE NHS TRUST",0.580197920324366,0.574479588412475,0.990144170270908,0,796280,-796280
"REP","LIVERPOOL WOMEN'S NHS FOUNDATION TRUST",0.28293380981503,0.272492284349462,0.963095518798568,897077,1678475,-781398
"RNA","THE DUDLEY GROUP NHS FOUNDATION TRUST",0.149131272383961,0.136460978312118,0.915039321603711,2588840,3334000,-745160
"RGM","ROYAL PAPWORTH HOSPITAL NHS FOUNDATION TRUST",1,1,1,0,595873,-595873
"RXM","DERBYSHIRE HEALTHCARE NHS FOUNDATION TRUST",1,1,1,0,484750,-484750
"RY7","WIRRAL COMMUNITY HEALTH AND CARE NHS FOUNDATION TRUST",1,1,1,17250,445413,-428163
"RY5","LINCOLNSHIRE COMMUNITY HEALTH SERVICES NHS TRUST",1,1,1,0,343000,-343000
"RYY","KENT COMMUNITY HEALTH NHS FOUNDATION TRUST",0.628496683913232,0.583554621257498,0.9284927608911,1554794,1407526,147268
"RWX","BERKSHIRE HEALTHCARE NHS FOUNDATION TRUST",0.246514471022256,0.200183859858689,0.812057235538989,4063867,3411759,652108
"RKB","UNIVERSITY HOSPITALS COVENTRY AND WARWICKSHIRE NHS TRUST",0.187292799351735,0.181812479023601,0.970739289779945,18273155,13010000,5263155
